{
  "images": [
    {
      "scale": "2x",
      "size": "20x20",
      "idiom": "iphone",
      "filename": "Icon40.png"
    },
    {
      "scale": "3x",
      "size": "20x20",
      "idiom": "iphone",
      "filename": "Icon60.png"
    },
    {
      "scale": "2x",
      "size": "29x29",
      "idiom": "iphone",
      "filename": "Icon58.png"
    },
    {
      "scale": "3x",
      "size": "29x29",
      "idiom": "iphone",
      "filename": "Icon87.png"
    },
    {
      "scale": "2x",
      "size": "40x40",
      "idiom": "iphone",
      "filename": "Icon80.png"
    },
    {
      "scale": "3x",
      "size": "40x40",
      "idiom": "iphone",
      "filename": "Icon120.png"
    },
    {
      "scale": "2x",
      "size": "60x60",
      "idiom": "iphone",
      "filename": "Icon120.png"
    },
    {
      "scale": "3x",
      "size": "60x60",
      "idiom": "iphone",
      "filename": "Icon180.png"
    },
    {
      "scale": "1x",
      "size": "1024x1024",
      "idiom": "ios-marketing",
      "filename": "AppStoreIcon.png"
    },
    {
      "scale": "1x",
      "size": "20x20",
      "idiom": "ipad",
      "filename": "icon-20x20.png"
    },
    {
      "scale": "2x",
      "size": "20x20",
      "idiom": "ipad",
      "filename": "icon-40x401.png"
    },
    {
      "scale": "1x",
      "size": "29x29",
      "idiom": "ipad",
      "filename": "icon-29x29.png"
    },
    {
      "scale": "2x",
      "size": "29x29",
      "idiom": "ipad",
      "filename": "icon-58x58.png"
    },
    {
      "scale": "1x",
      "size": "40x40",
      "idiom": "ipad",
      "filename": "icon-40x40.png"
    },
    {
      "scale": "2x",
      "size": "40x40",
      "idiom": "ipad",
      "filename": "icon-80x80.png"
    },
    {
      "scale": "1x",
      "size": "76x76",
      "idiom": "ipad",
      "filename": "icon-76x76.png"
    },
    {
      "scale": "2x",
      "size": "76x76",
      "idiom": "ipad",
      "filename": "icon-152x152.png"
    },
    {
      "scale": "2x",
      "size": "83.5x83.5",
      "idiom": "ipad",
      "filename": "icon-167x167.png"
    }
  ],
  "properties": {},
  "info": {
    "version": 1,
    "author": "xcode"
  }
}